{
    "default": 
    {
        "showGradient": true,
        "showBars": true,
        "showCircles": true,
        "showNoise": false,
        "showInvert": false,
        "showEmboss": false,
        "showWaves": true,
        "showElectric": true,
        "showPerlin": true,
        "electricColor": "#00ffff",
        "waveColor": "#00ffff",
        "waveStyle": "Atan",
        "blobFill": "#00ffff",
        "blobBorder": "#000000",
        "barColor": "rgba(255,255,255,0.50)",
        "circleColor1": "#ffffff",
        "circleColor2": "#0000ff",
        "circleColor3": "#ffff00",
        "electricAngle": 0.1,
        "gradientColor1": "#000000",
        "gradientColor2": "#00ffff",
        "gradientColor3": "#0000ff"
    },
    "galaxy": {
        "showGradient": true,
        "showBars": true,
        "showCircles": true,
        "showNoise": false,
        "showInvert": false,
        "showEmboss": false,
        "showWaves": true,
        "showElectric": true,
        "showPerlin": true,
        "electricColor": "#4df9ff",
        "waveColor": "#c800de",
        "waveStyle": "Tan",
        "blobFill": "#ffc45e",
        "blobBorder": "#ffc45e",
        "barColor": "#de0085",
        "circleColor1": "#ffffff",
        "circleColor2": "#ffecad",
        "circleColor3": "#ffff00",
        "electricAngle": 1.0,
        "gradientColor1": "#000000",
        "gradientColor2": "#110040",
        "gradientColor3": "#2e2e2e"
    },
    "blade": {
        "showGradient": true,
        "showBars": true,
        "showCircles": true,
        "showNoise": false,
        "showInvert": false,
        "showEmboss": false,
        "showWaves": true,
        "showElectric": true,
        "showPerlin": false,
        "electricColor": "#666666",
        "waveColor": "#303030",
        "waveStyle": "Sin",
        "blobFill": "#cf0000",
        "blobBorder": "#5e0000",
        "barColor": "#121212",
        "circleColor1": "#ff4545",
        "circleColor2": "#d10000",
        "circleColor3": "#3b3838",
        "electricAngle": 0,
        "gradientColor1": "#000000",
        "gradientColor2": "#990000",
        "gradientColor3": "#000000"
    },
    "inferno": {
        "showGradient": true,
        "showBars": true,
        "showCircles": true,
        "showNoise": false,
        "showInvert": false,
        "showEmboss": false,
        "showWaves": true,
        "showElectric": true,
        "showPerlin": true,
        "electricColor": "#ff3e29",
        "waveColor": "#ffb330",
        "waveStyle": "Atan",
        "blobFill": "#ff5e00",
        "blobBorder": "#ba1300",
        "barColor": "#ba2b00",
        "circleColor1": "#ff4d17",
        "circleColor2": "#c29e00",
        "circleColor3": "#c24e00",
        "electricAngle": 0.8,
        "gradientColor1": "#b33e00",
        "gradientColor2": "#ad7f00",
        "gradientColor3": "#b32d00"
    },
    "nightmare": {
        "showGradient": true,
        "showBars": true,
        "showCircles": true,
        "showNoise": false,
        "showInvert": false,
        "showEmboss": false,
        "showWaves": true,
        "showElectric": true,
        "showPerlin": false,
        "electricColor": "#24ff32",
        "waveColor": "#009c0a",
        "waveStyle": "Cos",
        "blobFill": "#00d146",
        "blobBorder": "#001401",
        "barColor": "#230054",
        "circleColor1": "#40ffa3",
        "circleColor2": "#320078",
        "circleColor3": "#00b80f",
        "electricAngle": 0.6,
        "gradientColor1": "#000000",
        "gradientColor2": "#00543e",
        "gradientColor3": "#0f0033"
    }
}
